45834351A,LM05731,22/09/2021
72832218A,IW10872,22/09/2021
83265244D,PL70268,8/09/2021
11750801E,BH96036,21/09/2021
55917355A,ZQ38637,23/09/2021
66152145E,ZQ38637,14/09/2021
50860318E,SA04133,21/09/2021
83265244D,KC34197,6/09/2021
37500242E,PL70268,18/09/2021
81082011D,FY25192,12/09/2021
35030611E,BH96036,15/09/2021
14268463E,PL70268,23/09/2021
35030611E,FY25192,21/09/2021
65071478E,KC34197,18/09/2021
33115577E,ZR63735,23/09/2021
83265244D,ZQ38637,18/09/2021
17750908E,XN48844,16/09/2021
35030611E,KC34197,19/09/2021
17750908E,SA04133,19/09/2021
33958767A,SV17719,23/09/2021
83265244D,XW06135,6/09/2021
50860318E,FY25192,21/09/2021
87804471A,QA53897,22/09/2021
66152145E,FY25192,14/09/2021
81082011D,XN48844,14/09/2021
77001234D,FY25192,8/09/2021
45834351A,XQ03477,22/09/2021
65071478E,XW06135,20/09/2021
33958767A,KW25071,23/09/2021
66152145E,BH96036,14/09/2021
87804471A,PL70268,22/09/2021
61039260D,ZM20053,14/09/2021
72832218A,QE47018,21/09/2021
37751890D,FY82455,19/09/2021
81082011D,BH96036,16/09/2021
54393647A,XQ03477,21/09/2021
63602514A,IW10872,22/09/2021
55917355A,FW74175,21/09/2021
26916299E,IW10872,18/09/2021
54393647A,FY82455,21/09/2021
99215341E,ZR63735,14/09/2021
37500242E,OT07742,22/09/2021
15129661E,FY82455,15/09/2021
66152145E,QA53897,23/09/2021
99215341E,ZM20053,15/09/2021
15129661E,FY25192,22/09/2021
33958767A,ZK87496,19/09/2021
45834351A,SK15788,23/09/2021
11750801E,ZK87496,15/09/2021
61039260D,ZR63735,9/09/2021
33958767A,FY25192,19/09/2021
50860318E,PL70268,20/09/2021
99215341E,ZK87496,22/09/2021
54393647A,XW06135,19/09/2021
83265244D,QE47018,23/09/2021
49516360D,IW10872,6/09/2021
96056368A,PT00038,22/09/2021
99215341E,QV96140,15/09/2021
37500242E,SK15788,18/09/2021
77001234D,ZK87496,8/09/2021
35030611E,XN48844,20/09/2021
33958767A,JO84937,21/09/2021
61212473A,ZR63735,21/09/2021
96056368A,FW74175,22/09/2021
14268463E,OT07742,16/09/2021
77001234D,VA35843,15/09/2021
17750908E,MG75057,21/09/2021
14268463E,FW74175,18/09/2021
33958767A,OT07742,22/09/2021
61039260D,QV96140,9/09/2021
99215341E,XQ03477,14/09/2021
37500242E,FY82455,18/09/2021
61212473A,ZQ38637,19/09/2021
72832218A,VA35843,20/09/2021
99215341E,KW25071,19/09/2021
11750801E,FY82455,14/09/2021
99215341E,FY25192,15/09/2021
83265244D,SA04133,9/09/2021
65071478E,QV96140,19/09/2021
61212473A,FW74175,21/09/2021
26916299E,FY25192,17/09/2021
63602514A,QE47018,23/09/2021
26916299E,SK15788,17/09/2021
45834351A,QE47018,22/09/2021
50860318E,ZR63735,18/09/2021
26916299E,ZQ38637,20/09/2021
65071478E,PL70268,23/09/2021
96056368A,ZQ38637,23/09/2021
66152145E,KC34197,22/09/2021
65071478E,MG75057,18/09/2021
83265244D,FY25192,20/09/2021
45834351A,IW10872,23/09/2021
77001234D,XW06135,16/09/2021
17750908E,BH96036,21/09/2021
37500242E,KC34197,18/09/2021
54393647A,PT00038,23/09/2021
77001234D,ZR63735,23/09/2021
92240876E,BB35881,20/09/2021
49516360D,XQ03477,13/09/2021
61039260D,ZK87496,18/09/2021
14268463E,SV17719,18/09/2021
55917355A,XN48844,23/09/2021
33958767A,SK15788,22/09/2021
37500242E,FW74175,18/09/2021
15129661E,SK15788,17/09/2021
45834351A,SV17719,21/09/2021
87804471A,OC73472,23/09/2021
99215341E,PT00038,18/09/2021
37751890D,FW74175,11/09/2021
15129661E,OT07742,20/09/2021
11750801E,IW10872,21/09/2021
49516360D,KC34197,10/09/2021
77001234D,QV96140,8/09/2021
50860318E,FW74175,20/09/2021
96056368A,FY82455,21/09/2021
26916299E,FY82455,14/09/2021
54393647A,ZM20053,23/09/2021
11750801E,XN48844,16/09/2021
77001234D,IW10872,15/09/2021
54393647A,QE47018,21/09/2021
92240876E,IW10872,17/09/2021
11750801E,KW25071,22/09/2021
35030611E,MG75057,19/09/2021
37500242E,JO84937,16/09/2021
49516360D,JO84937,7/09/2021
35030611E,XQ03477,20/09/2021
65071478E,BB35881,19/09/2021
92240876E,SK15788,19/09/2021
81082011D,QV96140,19/09/2021
35030611E,FW74175,14/09/2021
96056368A,QA53897,22/09/2021
17750908E,KC34197,21/09/2021
26916299E,MG75057,17/09/2021
26916299E,PL70268,23/09/2021
55917355A,BH96036,22/09/2021
33115577E,FW74175,18/09/2021
54393647A,QA53897,23/09/2021
83265244D,MG75057,12/09/2021
92240876E,PT00038,21/09/2021
77001234D,PT00038,7/09/2021
66152145E,XW06135,19/09/2021
17750908E,SK15788,18/09/2021
