<?xml version="1.0" encoding="UTF-8"?>
<project-private xmlns="http://www.netbeans.org/ns/project-private/1">
    <data xmlns="http://www.netbeans.org/ns/make-project-private/1">
        <activeConfTypeElem>1</activeConfTypeElem>
        <activeConfIndexElem>0</activeConfIndexElem>
    </data>
    <editor-bookmarks xmlns="http://www.netbeans.org/ns/editor-bookmarks/2" lastBookmarkId="0"/>
    <open-files xmlns="http://www.netbeans.org/ns/projectui-open-files/2">
        <group>
            <file>file:/D:/Users/alulab14/Desktop/L8_20-2_P2/Paciente.cpp</file>
            <file>file:/D:/Users/alulab14/Desktop/L8_20-2_P2/FuncionesAuxiliares.h</file>
            <file>file:/D:/Users/alulab14/Desktop/L8_20-2_P2/ListaDePacientes.cpp</file>
            <file>file:/D:/Users/alulab14/Desktop/L8_20-2_P2/FuncionesAuxiliares.cpp</file>
            <file>file:/D:/Users/alulab14/Desktop/L8_20-2_P2/Paciente.h</file>
            <file>file:/D:/Users/alulab14/Desktop/L8_20-2_P2/FuncionesLecturaEscritura.cpp</file>
            <file>file:/D:/Users/alulab14/Desktop/L8_20-2_P2/ListaDePacientes.h</file>
            <file>file:/D:/Users/alulab14/Desktop/L8_20-2_P2/main.cpp</file>
            <file>file:/D:/Users/alulab14/Desktop/L8_20-2_P2/FuncionesLecturaEscritura.h</file>
        </group>
    </open-files>
</project-private>
