99215341E,ZM20053,10/10/2021
14268463E,PL70268,18/10/2021
99215341E,ZR63735,9/10/2021
83265244D,KW25071,14/10/2021
81082011D,XN48844,9/10/2021
61039260D,QV96140,4/10/2021
49516360D,IW10872,1/10/2021
26916299E,PL70268,18/10/2021
65071478E,KC34197,13/10/2021
83265244D,PT00038,13/10/2021
49516360D,JO84937,2/10/2021
87804471A,QA53897,17/10/2021
33115577E,XW06135,15/10/2021
14268463E,OT07742,11/10/2021
37500242E,PL70268,13/10/2021
81082011D,QV96140,14/10/2021
63602514A,QE47018,18/10/2021
35030611E,MG75057,14/10/2021
61212473A,ZQ38637,14/10/2021
33958767A,SV17719,18/10/2021
37500242E,OT07742,17/10/2021
61039260D,ZM20053,9/10/2021
55917355A,XN48844,18/10/2021
45834351A,QE47018,17/10/2021
83265244D,PL70268,3/10/2021
15129661E,SK15788,12/10/2021
96056368A,FY82455,16/10/2021
83265244D,FY25192,10/10/2021
55917355A,BH96036,17/10/2021
83265244D,ZQ38637,13/10/2021
50860318E,FY25192,16/10/2021
65071478E,PL70268,18/10/2021
35030611E,XN48844,15/10/2021
65071478E,MG75057,13/10/2021
33115577E,FW74175,13/10/2021
55917355A,ZQ38637,18/10/2021
45834351A,SK15788,18/10/2021
72832218A,VA35843,15/10/2021
92240876E,IW10872,12/10/2021
50860318E,ZR63735,13/10/2021
77001234D,QV96140,3/10/2021
81082011D,FY25192,7/10/2021
65071478E,BB35881,14/10/2021
50860318E,FW74175,15/10/2021
61039260D,QE47018,16/10/2021
50860318E,SA04133,16/10/2021
15129661E,OT07742,15/10/2021
26916299E,MG75057,12/10/2021
26916299E,FY25192,12/10/2021
83265244D,XW06135,1/10/2021
17750908E,MG75057,16/10/2021
33958767A,KW25071,18/10/2021
96056368A,PT00038,17/10/2021
33958767A,ZK87496,14/10/2021
17750908E,SA04133,14/10/2021
33958767A,JO84937,16/10/2021
83265244D,SA04133,4/10/2021
92240876E,BB35881,15/10/2021
66152145E,ZQ38637,9/10/2021
11750801E,IW10872,16/10/2021
37751890D,FY82455,14/10/2021
26916299E,IW10872,13/10/2021
77001234D,PT00038,2/10/2021
61212473A,ZR63735,16/10/2021
26916299E,ZQ38637,15/10/2021
61039260D,SK15788,17/10/2021
92240876E,PT00038,16/10/2021
14268463E,SV17719,13/10/2021
87804471A,PL70268,17/10/2021
11750801E,ZK87496,10/10/2021
11750801E,BH96036,16/10/2021
11750801E,KW25071,17/10/2021
66152145E,XW06135,14/10/2021
92240876E,SK15788,14/10/2021
61039260D,ZR63735,4/10/2021
66152145E,BH96036,9/10/2021
45834351A,LM05731,17/10/2021
54393647A,XW06135,14/10/2021
35030611E,XQ03477,15/10/2021
66152145E,KC34197,17/10/2021
54393647A,PT00038,18/10/2021
99215341E,FW74175,9/10/2021
33958767A,FY25192,14/10/2021
11750801E,FY82455,9/10/2021
77001234D,ZK87496,3/10/2021
66152145E,QA53897,18/10/2021
15129661E,FY25192,17/10/2021
35030611E,FW74175,9/10/2021
96056368A,FW74175,17/10/2021
63602514A,IW10872,17/10/2021
54393647A,XQ03477,16/10/2021
83265244D,QE47018,18/10/2021
14268463E,XW06135,7/10/2021
99215341E,ZK87496,17/10/2021
61212473A,FW74175,16/10/2021
61039260D,SV17719,16/10/2021
49516360D,KC34197,5/10/2021
37500242E,KC34197,13/10/2021
15129661E,FY82455,10/10/2021
17750908E,KC34197,16/10/2021
35030611E,KC34197,14/10/2021
77001234D,FY25192,3/10/2021
37500242E,FY82455,13/10/2021
37500242E,SK15788,13/10/2021
65071478E,XW06135,15/10/2021
83265244D,XQ03477,9/10/2021
50860318E,PL70268,15/10/2021
37500242E,FW74175,13/10/2021
37500242E,JO84937,11/10/2021
83265244D,KC34197,1/10/2021
66152145E,FY25192,9/10/2021
87804471A,OC73472,18/10/2021
14268463E,FW74175,13/10/2021
55917355A,FW74175,16/10/2021
77001234D,IW10872,10/10/2021
54393647A,ZM20053,18/10/2021
65071478E,QV96140,14/10/2021
99215341E,QV96140,10/10/2021
49516360D,XQ03477,8/10/2021
26916299E,SK15788,12/10/2021
72832218A,IW10872,17/10/2021
26916299E,FY82455,9/10/2021
11750801E,XN48844,11/10/2021
54393647A,FY82455,16/10/2021
61039260D,QA53897,18/10/2021
96056368A,QA53897,17/10/2021
83265244D,MG75057,7/10/2021
77001234D,VA35843,10/10/2021
17750908E,SK15788,13/10/2021
14268463E,MG75057,9/10/2021
17750908E,XN48844,11/10/2021
83265244D,FY25192,15/10/2021
77001234D,ZR63735,18/10/2021
45834351A,XQ03477,17/10/2021
17750908E,BH96036,16/10/2021
81082011D,BH96036,11/10/2021
37751890D,FW74175,6/10/2021
77001234D,XW06135,11/10/2021
37751890D,OT07742,17/10/2021
45834351A,IW10872,18/10/2021
96056368A,ZQ38637,18/10/2021
35030611E,FY25192,16/10/2021
33115577E,ZR63735,18/10/2021
61039260D,ZK87496,13/10/2021
72832218A,QE47018,16/10/2021
35030611E,BH96036,10/10/2021
