<?xml version="1.0" encoding="UTF-8"?>
<project-private xmlns="http://www.netbeans.org/ns/project-private/1">
    <data xmlns="http://www.netbeans.org/ns/make-project-private/1">
        <activeConfTypeElem>1</activeConfTypeElem>
        <activeConfIndexElem>0</activeConfIndexElem>
    </data>
    <editor-bookmarks xmlns="http://www.netbeans.org/ns/editor-bookmarks/2" lastBookmarkId="0"/>
    <open-files xmlns="http://www.netbeans.org/ns/projectui-open-files/2">
        <group>
            <file>file:/D:/Users/alulab14/Desktop/L8_20-2_P1/ListaDePacientes.cpp</file>
            <file>file:/D:/Users/alulab14/Desktop/L8_20-2_P1/Ambulatorio.h</file>
            <file>file:/D:/Users/alulab14/Desktop/L8_20-2_P1/Paciente.cpp</file>
            <file>file:/D:/Users/alulab14/Desktop/L8_20-2_P1/ListaDePacientes.h</file>
            <file>file:/D:/Users/alulab14/Desktop/L8_20-2_P1/main.cpp</file>
            <file>file:/D:/Users/alulab14/Desktop/L8_20-2_P1/Paciente.h</file>
            <file>file:/D:/Users/alulab14/Desktop/L8_20-2_P1/Emergencia.h</file>
            <file>file:/D:/Users/alulab14/Desktop/L8_20-2_P1/Ambulatorio.cpp</file>
            <file>file:/D:/Users/alulab14/Desktop/L8_20-2_P1/Emergencia.cpp</file>
            <file>file:/D:/Users/alulab14/Desktop/L8_20-2_P1/Urgencia.cpp</file>
            <file>file:/D:/Users/alulab14/Desktop/L8_20-2_P1/Urgencia.h</file>
        </group>
    </open-files>
</project-private>
