<?xml version="1.0" encoding="UTF-8"?>
<configurationDescriptor version="100">
  <logicalFolder name="root" displayName="root" projectFiles="true" kind="ROOT">
    <logicalFolder name="HeaderFiles"
                   displayName="Header Files"
                   projectFiles="true">
      <itemPath>Almacen.h</itemPath>
      <itemPath>Arbol.h</itemPath>
      <itemPath>Cola.h</itemPath>
      <itemPath>NArbol.h</itemPath>
      <itemPath>NCola.h</itemPath>
      <itemPath>generico.h</itemPath>
      <itemPath>marca.h</itemPath>
      <itemPath>medicamento.h</itemPath>
    </logicalFolder>
    <logicalFolder name="ResourceFiles"
                   displayName="Resource Files"
                   projectFiles="true">
    </logicalFolder>
    <logicalFolder name="SourceFiles"
                   displayName="Source Files"
                   projectFiles="true">
      <itemPath>Almacen.cpp</itemPath>
      <itemPath>Arbol.cpp</itemPath>
      <itemPath>Cola.cpp</itemPath>
      <itemPath>NArbol.cpp</itemPath>
      <itemPath>NCola.cpp</itemPath>
      <itemPath>generico.cpp</itemPath>
      <itemPath>main.cpp</itemPath>
      <itemPath>marca.cpp</itemPath>
      <itemPath>medicamento.cpp</itemPath>
    </logicalFolder>
    <logicalFolder name="TestFiles"
                   displayName="Test Files"
                   projectFiles="false"
                   kind="TEST_LOGICAL_FOLDER">
    </logicalFolder>
    <logicalFolder name="ExternalFiles"
                   displayName="Important Files"
                   projectFiles="false"
                   kind="IMPORTANT_FILES_FOLDER">
      <itemPath>Makefile</itemPath>
    </logicalFolder>
  </logicalFolder>
  <projectmakefile>Makefile</projectmakefile>
  <confs>
    <conf name="Debug" type="1">
      <toolsSet>
        <compilerSet>default</compilerSet>
        <dependencyChecking>true</dependencyChecking>
        <rebuildPropChanged>false</rebuildPropChanged>
      </toolsSet>
      <compileType>
        <ccTool>
          <standard>11</standard>
        </ccTool>
      </compileType>
      <item path="Almacen.cpp" ex="false" tool="1" flavor2="0">
      </item>
      <item path="Almacen.h" ex="false" tool="3" flavor2="0">
      </item>
      <item path="Arbol.cpp" ex="false" tool="1" flavor2="0">
      </item>
      <item path="Arbol.h" ex="false" tool="3" flavor2="0">
      </item>
      <item path="Cola.cpp" ex="false" tool="1" flavor2="0">
      </item>
      <item path="Cola.h" ex="false" tool="3" flavor2="0">
      </item>
      <item path="NArbol.cpp" ex="false" tool="1" flavor2="0">
      </item>
      <item path="NArbol.h" ex="false" tool="3" flavor2="0">
      </item>
      <item path="NCola.cpp" ex="false" tool="1" flavor2="0">
      </item>
      <item path="NCola.h" ex="false" tool="3" flavor2="0">
      </item>
      <item path="generico.cpp" ex="false" tool="1" flavor2="0">
      </item>
      <item path="generico.h" ex="false" tool="3" flavor2="0">
      </item>
      <item path="main.cpp" ex="false" tool="1" flavor2="0">
      </item>
      <item path="marca.cpp" ex="false" tool="1" flavor2="0">
      </item>
      <item path="marca.h" ex="false" tool="3" flavor2="0">
      </item>
      <item path="medicamento.cpp" ex="false" tool="1" flavor2="0">
      </item>
      <item path="medicamento.h" ex="false" tool="3" flavor2="0">
      </item>
    </conf>
    <conf name="Release" type="1">
      <toolsSet>
        <compilerSet>default</compilerSet>
        <dependencyChecking>true</dependencyChecking>
        <rebuildPropChanged>false</rebuildPropChanged>
      </toolsSet>
      <compileType>
        <cTool>
          <developmentMode>5</developmentMode>
        </cTool>
        <ccTool>
          <developmentMode>5</developmentMode>
          <standard>11</standard>
        </ccTool>
        <fortranCompilerTool>
          <developmentMode>5</developmentMode>
        </fortranCompilerTool>
        <asmTool>
          <developmentMode>5</developmentMode>
        </asmTool>
      </compileType>
      <item path="Almacen.cpp" ex="false" tool="1" flavor2="0">
      </item>
      <item path="Almacen.h" ex="false" tool="3" flavor2="0">
      </item>
      <item path="Arbol.cpp" ex="false" tool="1" flavor2="0">
      </item>
      <item path="Arbol.h" ex="false" tool="3" flavor2="0">
      </item>
      <item path="Cola.cpp" ex="false" tool="1" flavor2="0">
      </item>
      <item path="Cola.h" ex="false" tool="3" flavor2="0">
      </item>
      <item path="NArbol.cpp" ex="false" tool="1" flavor2="0">
      </item>
      <item path="NArbol.h" ex="false" tool="3" flavor2="0">
      </item>
      <item path="NCola.cpp" ex="false" tool="1" flavor2="0">
      </item>
      <item path="NCola.h" ex="false" tool="3" flavor2="0">
      </item>
      <item path="generico.cpp" ex="false" tool="1" flavor2="0">
      </item>
      <item path="generico.h" ex="false" tool="3" flavor2="0">
      </item>
      <item path="main.cpp" ex="false" tool="1" flavor2="0">
      </item>
      <item path="marca.cpp" ex="false" tool="1" flavor2="0">
      </item>
      <item path="marca.h" ex="false" tool="3" flavor2="0">
      </item>
      <item path="medicamento.cpp" ex="false" tool="1" flavor2="0">
      </item>
      <item path="medicamento.h" ex="false" tool="3" flavor2="0">
      </item>
    </conf>
  </confs>
</configurationDescriptor>
