26916299E,SK15788,10,17/09/2021
63602514A,QE47018,4,23/09/2021
81082011D,FY25192,11,12/09/2021
87804471A,OC73472,2,23/09/2021
72832218A,IW10872,9,22/05/2021
49516360D,JO84937,11,7/09/2021
17750908E,SA04133,7,19/09/2021
14268463E,FW74175,4,18/09/2021
65071478E,BB35881,5,19/09/2021
37500242E,FY82455,13,18/09/2021
11750801E,IW10872,8,21/09/2021
45834351A,SV17719,1,21/09/2021
45834351A,LM05731,1,22/09/2021
55917355A,FW74175,8,21/09/2021
37500242E,SK15788,7,18/09/2021
50860318E,ZR63735,5,18/09/2021
54393647A,QE47018,3,21/09/2021
87804471A,QA53897,5,22/09/2021
99215341E,KW25071,8,19/09/2021
81082011D,BH96036,4,16/09/2021
17750908E,BH96036,10,21/09/2021
77001234D,ZK87496,6,8/09/2021
54393647A,XQ03477,1,21/09/2021
35030611E,FW74175,2,14/09/2021
35030611E,XQ03477,5,20/09/2021
54393647A,XW06135,1,19/09/2021
54393647A,PT00038,10,23/09/2021
77001234D,PT00038,2,7/09/2021
96056368A,FW74175,6,22/09/2021
66152145E,KC34197,6,22/09/2021
99215341E,ZR63735,2,14/09/2021
37500242E,FW74175,3,18/09/2021
33115577E,FW74175,7,18/09/2021
50860318E,SA04133,6,21/07/2021
49516360D,IW10872,2,6/09/2021
96056368A,FY82455,8,21/09/2021
83265244D,ZQ38637,3,18/09/2021
83265244D,PL70268,1,8/09/2021
37751890D,FW74175,10,11/09/2021
63602514A,IW10872,4,22/09/2021
61212473A,ZR63735,4,21/09/2021
99215341E,PT00038,5,18/09/2021
17750908E,XN48844,9,16/09/2021
14268463E,PL70268,3,23/09/2021
65071478E,QV96140,10,19/09/2021
35030611E,BH96036,2,15/09/2021
65071478E,XW06135,5,20/09/2021
11750801E,BH96036,9,21/09/2021
26916299E,PL70268,7,23/09/2021
55917355A,BH96036,13,22/09/2021
77001234D,ZR63735,6,23/09/2021
66152145E,ZQ38637,8,14/09/2021
50860318E,PL70268,5,20/09/2021
61039260D,ZM20053,3,14/09/2021
92240876E,SK15788,4,19/09/2021
92240876E,PT00038,1,21/09/2021
33958767A,KW25071,2,23/09/2021
65071478E,PL70268,6,23/09/2021
15129661E,FY25192,14,22/09/2021
61212473A,FW74175,5,21/09/2021
72832218A,QE47018,8,21/09/2021
99215341E,ZM20053,5,15/09/2021
33958767A,SV17719,3,23/09/2021
61039260D,QV96140,5,9/09/2021
55917355A,XN48844,1,23/09/2021
77001234D,XW06135,6,16/09/2021
33958767A,ZK87496,5,19/09/2021
15129661E,FY82455,7,15/09/2021
83265244D,KC34197,14,6/09/2021
99215341E,QV96140,3,15/09/2021
45834351A,XQ03477,4,22/09/2021
96056368A,ZQ38637,7,23/09/2021
35030611E,MG75057,5,19/09/2021
17750908E,MG75057,6,21/09/2021
92240876E,BB35881,7,20/09/2021
37500242E,KC34197,12,18/09/2021
83265244D,QE47018,11,23/09/2021
33115577E,ZR63735,1,23/07/2021
37500242E,PL70268,2,18/09/2021
54393647A,ZM20053,13,23/09/2021
83265244D,MG75057,1,12/09/2021
26916299E,MG75057,3,17/09/2021
50860318E,FY25192,4,21/09/2021
61039260D,ZR63735,3,9/09/2021
65071478E,KC34197,7,18/09/2021
45834351A,SK15788,8,23/07/2021
11750801E,ZK87496,3,15/09/2021
26916299E,IW10872,10,18/09/2021
96056368A,PT00038,14,22/09/2021
66152145E,FY25192,5,14/09/2021
45834351A,QE47018,9,22/09/2021
83265244D,SA04133,2,9/09/2021
26916299E,FY82455,1,14/09/2021
55917355A,ZQ38637,14,23/09/2021
50860318E,FW74175,9,20/09/2021
77001234D,QV96140,1,8/09/2021
14268463E,OT07742,1,16/09/2021
66152145E,BH96036,8,14/09/2021
61039260D,ZK87496,2,18/09/2021
35030611E,FY25192,3,21/09/2021
54393647A,FY82455,3,21/09/2021
87804471A,PL70268,4,22/09/2021
77001234D,IW10872,11,15/06/2021
17750908E,KC34197,9,21/09/2021
33958767A,SK15788,14,22/09/2021
37500242E,OT07742,8,22/09/2021
77001234D,FY25192,6,8/09/2021
17750908E,SK15788,6,18/09/2021
99215341E,FY25192,10,15/09/2021
45834351A,IW10872,7,23/09/2021
99215341E,ZK87496,4,22/09/2021
61212473A,ZQ38637,10,19/09/2021
99215341E,XQ03477,6,14/09/2021
83265244D,XW06135,3,6/09/2021
66152145E,QA53897,14,23/09/2021
81082011D,XN48844,5,14/09/2021
35030611E,KC34197,11,19/09/2021
33958767A,FY25192,13,19/09/2021
81082011D,QV96140,4,19/09/2021
54393647A,QA53897,6,23/09/2021
33958767A,JO84937,10,21/04/2021
66152145E,XW06135,4,19/09/2021
77001234D,VA35843,2,15/09/2021
35030611E,XN48844,7,20/09/2021
33958767A,OT07742,2,22/09/2021
72832218A,VA35843,5,20/09/2021
92240876E,IW10872,1,17/09/2021
11750801E,FY82455,6,14/09/2021
11750801E,XN48844,10,16/09/2021
26916299E,ZQ38637,11,20/09/2021
15129661E,SK15788,2,17/09/2021
49516360D,XQ03477,2,13/09/2021
15129661E,OT07742,3,20/09/2021
65071478E,MG75057,2,18/09/2021
11750801E,KW25071,3,22/09/2021
26916299E,FY25192,9,17/09/2021
83265244D,FY25192,12,20/04/2021
49516360D,KC34197,1,10/09/2021
96056368A,QA53897,8,22/02/2021
37500242E,JO84937,6,16/09/2021
14268463E,SV17719,4,18/09/2021
37751890D,FY82455,5,19/09/2021
