<?xml version="1.0" encoding="UTF-8"?>
<project-private xmlns="http://www.netbeans.org/ns/project-private/1">
    <data xmlns="http://www.netbeans.org/ns/make-project-private/1">
        <activeConfTypeElem>1</activeConfTypeElem>
        <activeConfIndexElem>0</activeConfIndexElem>
    </data>
    <editor-bookmarks xmlns="http://www.netbeans.org/ns/editor-bookmarks/2" lastBookmarkId="0"/>
    <open-files xmlns="http://www.netbeans.org/ns/projectui-open-files/2">
        <group>
            <file>file:/C:/Users/gabri/Desktop/6to%20ciclo/LP1/EX2/EX2_21-2_P1/Docentes.h</file>
            <file>file:/C:/Users/gabri/Desktop/6to%20ciclo/LP1/EX2/EX2_21-2_P1/Estudiante.h</file>
            <file>file:/C:/Users/gabri/Desktop/6to%20ciclo/LP1/EX2/EX2_21-2_P1/NodoCola.h</file>
            <file>file:/C:/Users/gabri/Desktop/6to%20ciclo/LP1/EX2/EX2_21-2_P1/NUsuario.cpp</file>
            <file>file:/C:/Users/gabri/Desktop/6to%20ciclo/LP1/EX2/EX2_21-2_P1/Docentes.cpp</file>
            <file>file:/C:/Users/gabri/Desktop/6to%20ciclo/LP1/EX2/EX2_21-2_P1/Procesa.cpp</file>
            <file>file:/C:/Users/gabri/Desktop/6to%20ciclo/LP1/EX2/EX2_21-2_P1/Administrativo.cpp</file>
            <file>file:/C:/Users/gabri/Desktop/6to%20ciclo/LP1/EX2/EX2_21-2_P1/Libro.h</file>
            <file>file:/C:/Users/gabri/Desktop/6to%20ciclo/LP1/EX2/EX2_21-2_P1/Procesa.h</file>
            <file>file:/C:/Users/gabri/Desktop/6to%20ciclo/LP1/EX2/EX2_21-2_P1/Estudiante.cpp</file>
            <file>file:/C:/Users/gabri/Desktop/6to%20ciclo/LP1/EX2/EX2_21-2_P1/main.cpp</file>
            <file>file:/C:/Users/gabri/Desktop/6to%20ciclo/LP1/EX2/EX2_21-2_P1/Administrativo.h</file>
            <file>file:/C:/Users/gabri/Desktop/6to%20ciclo/LP1/EX2/EX2_21-2_P1/ColaSol.h</file>
            <file>file:/C:/Users/gabri/Desktop/6to%20ciclo/LP1/EX2/EX2_21-2_P1/NUsuario.h</file>
            <file>file:/C:/Users/gabri/Desktop/6to%20ciclo/LP1/EX2/EX2_21-2_P1/Usuario.h</file>
            <file>file:/C:/Users/gabri/Desktop/6to%20ciclo/LP1/EX2/EX2_21-2_P1/ColaSol.cpp</file>
            <file>file:/C:/Users/gabri/Desktop/6to%20ciclo/LP1/EX2/EX2_21-2_P1/NodoCola.cpp</file>
        </group>
    </open-files>
</project-private>
