17750908E,Hernandez Barrios Emilio
26916299E,Diaz Antezano Magali Silvana
14268463E,Raffo Chung Adria Gloria
37500242E,Vasquez Paz Alex Martin
61212473A,Castro Suarez Rolando
65071478E,Mejia Diaz Blanca Milagros
96056368A,Pasquel Quio Surami Janet
99215341E,Raffo Arias Surami Annie
33958767A,Aquino Toro Valentina Rocio
72832218A,Corrales Tsukazan Irma Lourdes
63602514A,Auris Zimic Javier Daniel
49516360D,Delgado Gonzales Guillermo Alfonso
15129661E,Wong Martel Madeleine
87804471A,Cerna Durand Martin
37751890D,Shirakawa Miranda Madeleine
66152145E,Salas Aguero Daniel
33115577E,Chumpitaz Iberos Ronal
55917355A,Valverde Flores Irma Ydali
77001234D,Diaz Correa Irma Virginia
61039260D,Mejia De La Haza Francisco Edgar
54393647A,Norabuena Preciado Cinthia
45834351A,Velasquez Huayanay Edgard Henry
11750801E,Shirakawa Ortega Angel
83265244D,Pairazaman Alamo Moises Miguel
35030611E,Inga Flores Cesar Adolfo
50860318E,Prado Vergel Carlos Julian
81082011D,Arroyo Gordillo Maria Heli
92240876E,Vega Garcia Janet Rebeca
