<?xml version="1.0" encoding="UTF-8"?>
<project-private xmlns="http://www.netbeans.org/ns/project-private/1">
    <data xmlns="http://www.netbeans.org/ns/make-project-private/1">
        <activeConfTypeElem>1</activeConfTypeElem>
        <activeConfIndexElem>0</activeConfIndexElem>
    </data>
    <editor-bookmarks xmlns="http://www.netbeans.org/ns/editor-bookmarks/2" lastBookmarkId="0"/>
    <open-files xmlns="http://www.netbeans.org/ns/projectui-open-files/2">
        <group>
            <file>file:/C:/Users/gabri/Desktop/6to%20ciclo/LP1/EX2/EX2_22-2_P2_PREDICT/Almacen.cpp</file>
            <file>file:/C:/Users/gabri/Desktop/6to%20ciclo/LP1/EX2/EX2_22-2_P2_PREDICT/Cola.cpp</file>
            <file>file:/C:/Users/gabri/Desktop/6to%20ciclo/LP1/EX2/EX2_22-2_P2_PREDICT/Cola.h</file>
            <file>file:/C:/Users/gabri/Desktop/6to%20ciclo/LP1/EX2/EX2_22-2_P2_PREDICT/NArbol.cpp</file>
            <file>file:/C:/Users/gabri/Desktop/6to%20ciclo/LP1/EX2/EX2_22-2_P2_PREDICT/Arbol.cpp</file>
            <file>file:/C:/Users/gabri/Desktop/6to%20ciclo/LP1/EX2/EX2_22-2_P2_PREDICT/generico.cpp</file>
            <file>file:/C:/Users/gabri/Desktop/6to%20ciclo/LP1/EX2/EX2_22-2_P2_PREDICT/NCola.h</file>
            <file>file:/C:/Users/gabri/Desktop/6to%20ciclo/LP1/EX2/EX2_22-2_P2_PREDICT/marca.cpp</file>
            <file>file:/C:/Users/gabri/Desktop/6to%20ciclo/LP1/EX2/EX2_22-2_P2_PREDICT/medicamento.h</file>
            <file>file:/C:/Users/gabri/Desktop/6to%20ciclo/LP1/EX2/EX2_22-2_P2_PREDICT/marca.h</file>
            <file>file:/C:/Users/gabri/Desktop/6to%20ciclo/LP1/EX2/EX2_22-2_P2_PREDICT/Arbol.h</file>
            <file>file:/C:/Users/gabri/Desktop/6to%20ciclo/LP1/EX2/EX2_22-2_P2_PREDICT/main.cpp</file>
            <file>file:/C:/Users/gabri/Desktop/6to%20ciclo/LP1/EX2/EX2_22-2_P2_PREDICT/medicamento.cpp</file>
            <file>file:/C:/Users/gabri/Desktop/6to%20ciclo/LP1/EX2/EX2_22-2_P2_PREDICT/generico.h</file>
            <file>file:/C:/Users/gabri/Desktop/6to%20ciclo/LP1/EX2/EX2_22-2_P2_PREDICT/NCola.cpp</file>
            <file>file:/C:/Users/gabri/Desktop/6to%20ciclo/LP1/EX2/EX2_22-2_P2_PREDICT/NArbol.h</file>
            <file>file:/C:/Users/gabri/Desktop/6to%20ciclo/LP1/EX2/EX2_22-2_P2_PREDICT/Almacen.h</file>
        </group>
    </open-files>
</project-private>
